{
  "acc": 0.6409130816505707,
  "f1": 0.7764294304143435,
  "prec": 0.6398198198198198,
  "rec": 0.9872115651932166,
  "auc": 0.6031483974172949,
  "threshold": 0.47
}