{
  "acc": 0.6420793818054092,
  "f1": 0.7783819051761636,
  "prec": 0.639221289515985,
  "rec": 0.9949958298582152,
  "auc": 0.6216940970652038,
  "threshold": 0.43999999999999995
}