{
  "acc": 0.6498683055311677,
  "f1": 0.7802028218694885,
  "prec": 0.6465107782243332,
  "rec": 0.9836020011117287,
  "auc": 0.6395985636061787,
  "threshold": 0.44999999999999996
}