{
  "expert": "daily",
  "folds": [
    {
      "thr": 0.69,
      "acc": 0.5378402107111502,
      "f1": 0.5087878668711576,
      "prec": 0.5089183725326273,
      "rec": 0.509108276388382,
      "mcc": 0.018025648610990187,
      "cm": [
        [
          2224,
          1374
        ],
        [
          1258,
          839
        ]
      ],
      "epoch": 6
    },
    {
      "thr": 0.7,
      "acc": 0.3701492537313433,
      "f1": 0.2768070658633835,
      "prec": 0.48211023868918607,
      "rec": 0.49930438006674877,
      "mcc": -0.007055345368983382,
      "cm": [
        [
          31,
          3566
        ],
        [
          21,
          2077
        ]
      ],
      "epoch": 1
    },
    {
      "thr": 0.38,
      "acc": 0.5240604144713734,
      "f1": 0.4873348204229634,
      "prec": 0.48731331263880784,
      "rec": 0.4873748311162179,
      "mcc": -0.025311781486951533,
      "cm": [
        [
          2254,
          1343
        ],
        [
          1367,
          730
        ]
      ],
      "epoch": 4
    }
  ],
  "acc_mean": 0.4773499596379556,
  "f1_mean": 0.4243099177191681
}