{
  "expert": "daily",
  "folds": [
    {
      "thr": 0.48,
      "acc": 0.558154859967051,
      "f1": 0.5266060241624959,
      "prec": 0.5265337977782453,
      "rec": 0.5267279623398804,
      "mcc": 0.05326140620565493,
      "cm": [
        [
          1821,
          2642
        ],
        [
          2722,
          4955
        ]
      ],
      "epoch": 28
    },
    {
      "thr": 0.51,
      "acc": 0.5652388797364085,
      "f1": 0.5175171282198081,
      "prec": 0.5196261754186856,
      "rec": 0.5183052140665594,
      "mcc": 0.03790838125517281,
      "cm": [
        [
          1522,
          2941
        ],
        [
          2337,
          5340
        ]
      ],
      "epoch": 1
    },
    {
      "thr": 0.6699999999999999,
      "acc": 0.5767710049423393,
      "f1": 0.5434433309032566,
      "prec": 0.5435935923059365,
      "rec": 0.5433264769827324,
      "mcc": 0.08691965884971664,
      "cm": [
        [
          1861,
          2601
        ],
        [
          2537,
          5141
        ]
      ],
      "epoch": 17
    }
  ],
  "acc_mean": 0.5667215815485996,
  "f1_mean": 0.5291888277618536
}