{
  "expert": "high",
  "folds": [
    {
      "thr": 0.47,
      "acc": 0.6502189029101211,
      "f1": 0.6478466489994864,
      "prec": 0.647623337743211,
      "rec": 0.6486743002604236,
      "mcc": 0.2962957741249786,
      "cm": [
        [
          28435,
          14415
        ],
        [
          12749,
          22061
        ]
      ],
      "epoch": 29
    },
    {
      "thr": 0.47,
      "acc": 0.6457332698077493,
      "f1": 0.6433796102923581,
      "prec": 0.6431792289012628,
      "rec": 0.6442269409431591,
      "mcc": 0.28740426017044,
      "cm": [
        [
          28228,
          14621
        ],
        [
          12891,
          21919
        ]
      ],
      "epoch": 30
    },
    {
      "thr": 0.47,
      "acc": 0.6504461813827116,
      "f1": 0.6466884053737427,
      "prec": 0.6466766901685248,
      "rec": 0.6467003175686211,
      "mcc": 0.29337700678571815,
      "cm": [
        [
          29261,
          13588
        ],
        [
          13558,
          21252
        ]
      ],
      "epoch": 27
    }
  ],
  "acc_mean": 0.6487994513668607,
  "acc_std": 0.002170102285008985,
  "f1_mean": 0.6459715548885291,
  "f1_std": 0.0018927959330681237
}