{
  "acc": 0.5975868862591587,
  "f1": 0.7271060191936568,
  "prec": 0.5809147736786292,
  "rec": 0.9716212747088614,
  "auc": 0.6612706017226678,
  "threshold": 0.35
}