{
  "acc": 0.5992479944372191,
  "f1": 0.728130405157503,
  "prec": 0.5818638743455498,
  "rec": 0.9726247987117552,
  "auc": 0.6629737046380859,
  "threshold": 0.39999999999999997
}