{
  "acc": 0.5972572753026011,
  "f1": 0.7274121717607481,
  "prec": 0.5804899083334493,
  "rec": 0.9739089848308051,
  "auc": 0.6651046501142894,
  "threshold": 0.43999999999999995
}