{
  "acc": 0.6946974210571113,
  "f1": 0.8097788619610755,
  "prec": 0.688209843158464,
  "rec": 0.9835115290480484,
  "auc": 0.6661579569456644,
  "threshold": 0.39999999999999997
}