{
  "acc": 0.6912665985699693,
  "f1": 0.8078817733990148,
  "prec": 0.6860381432169845,
  "rec": 0.9823521834342394,
  "auc": 0.6563443907827093,
  "threshold": 0.41
}