{
  "acc": 0.6965699208443272,
  "f1": 0.8080753701211305,
  "prec": 0.6941361450240473,
  "rec": 0.9667654257374726,
  "auc": 0.656684312264121,
  "threshold": 0.42999999999999994
}