{
  "expert": "daily",
  "folds": [
    {
      "thr": 0.42,
      "acc": 0.5685689201053555,
      "f1": 0.5135028829215413,
      "prec": 0.5175737562790135,
      "rec": 0.5157217237468068,
      "mcc": 0.033243931260448896,
      "cm": [
        [
          2577,
          1021
        ],
        [
          1436,
          661
        ]
      ],
      "epoch": 8
    },
    {
      "thr": 0.32,
      "acc": 0.5482001755926251,
      "f1": 0.5023868442333477,
      "prec": 0.5033739609895069,
      "rec": 0.5031970424458683,
      "mcc": 0.006568621314753182,
      "cm": [
        [
          2425,
          1172
        ],
        [
          1401,
          697
        ]
      ],
      "epoch": 7
    },
    {
      "thr": 0.59,
      "acc": 0.5755180892167193,
      "f1": 0.5132191557189241,
      "prec": 0.5200774068698597,
      "rec": 0.5171657910760954,
      "mcc": 0.03712921069334898,
      "cm": [
        [
          2657,
          940
        ],
        [
          1477,
          620
        ]
      ],
      "epoch": 5
    }
  ],
  "acc_mean": 0.5640957283049001,
  "f1_mean": 0.5097029609579377
}