{
  "expert": "district",
  "folds": [
    {
      "thr": 0.5399999999999999,
      "acc": 0.5141037306642402,
      "f1": 0.5115799460701089,
      "prec": 0.5133252514010891,
      "rec": 0.513559424861979,
      "mcc": 0.02688365638376207,
      "cm": [
        [
          243,
          234
        ],
        [
          300,
          322
        ]
      ],
      "epoch": 22
    },
    {
      "thr": 0.45999999999999996,
      "acc": 0.535031847133758,
      "f1": 0.5288386433710175,
      "prec": 0.5288631346578366,
      "rec": 0.52907141268975,
      "mcc": 0.057934172960621234,
      "cm": [
        [
          231,
          247
        ],
        [
          264,
          357
        ]
      ],
      "epoch": 19
    },
    {
      "thr": 0.5299999999999999,
      "acc": 0.5277525022747953,
      "f1": 0.5204081375256978,
      "prec": 0.5203969240068504,
      "rec": 0.5204623397273934,
      "mcc": 0.040859211368894546,
      "cm": [
        [
          222,
          256
        ],
        [
          263,
          358
        ]
      ],
      "epoch": 4
    }
  ],
  "acc_mean": 0.5256293600242644,
  "f1_mean": 0.520275575655608
}