{
  "expert": "district",
  "folds": [
    {
      "thr": 0.6799999999999999,
      "acc": 0.5375801126432317,
      "f1": 0.5115796643915385,
      "prec": 0.511597604646264,
      "rec": 0.5117456764150039,
      "mcc": 0.023342811430002382,
      "cm": [
        [
          1978,
          1224
        ],
        [
          1157,
          790
        ]
      ],
      "epoch": 10
    },
    {
      "thr": 0.32,
      "acc": 0.543018061759565,
      "f1": 0.5227140478681418,
      "prec": 0.5231084783034075,
      "rec": 0.5238682198818343,
      "mcc": 0.046970554234768286,
      "cm": [
        [
          1929,
          1273
        ],
        [
          1080,
          867
        ]
      ],
      "epoch": 26
    },
    {
      "thr": 0.7,
      "acc": 0.5541958041958042,
      "f1": 0.5059319768981111,
      "prec": 0.5090125310893386,
      "rec": 0.508191020129377,
      "mcc": 0.017183925461827267,
      "cm": [
        [
          2231,
          971
        ],
        [
          1324,
          622
        ]
      ],
      "epoch": 5
    }
  ],
  "acc_mean": 0.5449313261995337,
  "f1_mean": 0.5134085630525971
}