{
  "expert": "supreme",
  "folds": [
    {
      "thr": 0.5499999999999999,
      "acc": 0.5926509186351706,
      "f1": 0.5807620832593094,
      "prec": 0.5805586710378758,
      "rec": 0.5810645385871838,
      "mcc": 0.16162241796090193,
      "cm": [
        [
          28996,
          15864
        ],
        [
          15176,
          16164
        ]
      ],
      "epoch": 27
    },
    {
      "thr": 0.52,
      "acc": 0.5876640419947506,
      "f1": 0.577864486263331,
      "prec": 0.5776289968226738,
      "rec": 0.5788534193168793,
      "mcc": 0.15647762571827284,
      "cm": [
        [
          28195,
          16665
        ],
        [
          14755,
          16585
        ]
      ],
      "epoch": 29
    },
    {
      "thr": 0.5399999999999999,
      "acc": 0.5904330708661417,
      "f1": 0.5805562847717742,
      "prec": 0.5802928440352116,
      "rec": 0.5815129093391593,
      "mcc": 0.16180115347457164,
      "cm": [
        [
          28342,
          16518
        ],
        [
          14691,
          16649
        ]
      ],
      "epoch": 29
    }
  ],
  "acc_mean": 0.590249343832021,
  "acc_std": 0.0020400247341624215,
  "f1_mean": 0.5797276180981382,
  "f1_std": 0.0013201094474252488
}