{
  "expert": "tribunal",
  "folds": [
    {
      "thr": 0.5499999999999999,
      "acc": 0.6233722018895225,
      "f1": 0.5741615413242519,
      "prec": 0.5754548050944555,
      "rec": 0.5733413753495988,
      "mcc": 0.1487811706146081,
      "cm": [
        [
          5659,
          2104
        ],
        [
          2321,
          1665
        ]
      ],
      "epoch": 30
    },
    {
      "thr": 0.52,
      "acc": 0.6486509490169377,
      "f1": 0.5913659870685951,
      "prec": 0.5978251428539015,
      "rec": 0.5891749068409535,
      "mcc": 0.1867998715277892,
      "cm": [
        [
          6010,
          1753
        ],
        [
          2375,
          1611
        ]
      ],
      "epoch": 29
    },
    {
      "thr": 0.59,
      "acc": 0.6487912836227443,
      "f1": 0.6013690491855049,
      "prec": 0.6036342224406944,
      "rec": 0.5999148875783867,
      "mcc": 0.2035151265575658,
      "cm": [
        [
          5837,
          1926
        ],
        [
          2200,
          1785
        ]
      ],
      "epoch": 30
    }
  ],
  "acc_mean": 0.6402714781764015,
  "acc_std": 0.011949730198226233,
  "f1_mean": 0.5889655258594506,
  "f1_std": 0.011236363039035122
}