{
  "acc": 0.6336441336441336,
  "f1": 0.7705596107055961,
  "prec": 0.6311279394180949,
  "rec": 0.9890693316677077,
  "auc": 0.6169049502077646,
  "threshold": 0.47
}