{
  "acc": 0.6375995338900757,
  "f1": 0.7708179808400885,
  "prec": 0.6352226720647773,
  "rec": 0.9800124921923797,
  "auc": 0.5805772072988538,
  "threshold": 0.41
}