{
  "acc": 0.6296368226840163,
  "f1": 0.7685960441693969,
  "prec": 0.628497717801151,
  "rec": 0.9890693316677077,
  "auc": 0.6016996471452902,
  "threshold": 0.42
}