{
  "acc": 0.5968372703412074,
  "f1": 0.7438913574483339,
  "prec": 0.5941432623546802,
  "rec": 0.9945608559964334,
  "auc": 0.5885581758152215,
  "threshold": 0.42
}