{
  "acc": 0.5966010498687664,
  "f1": 0.7440229837198651,
  "prec": 0.5938584247258225,
  "rec": 0.9958314757021846,
  "auc": 0.5876385342358457,
  "threshold": 0.43999999999999995
}