{
  "acc": 0.5974015748031496,
  "f1": 0.7440343089810767,
  "prec": 0.5945567527202902,
  "rec": 0.9939144003566652,
  "auc": 0.5892824937030217,
  "threshold": 0.44999999999999996
}