{
  "expert": "district",
  "folds": [
    {
      "thr": 0.39999999999999997,
      "acc": 0.5234026024470771,
      "f1": 0.5107196293818074,
      "prec": 0.5139497116333973,
      "rec": 0.5147399208314526,
      "mcc": 0.028678747887442374,
      "cm": [
        [
          1762,
          1440
        ],
        [
          1014,
          933
        ]
      ],
      "epoch": 7
    },
    {
      "thr": 0.47,
      "acc": 0.546319673723053,
      "f1": 0.5193818967611594,
      "prec": 0.5193409616611698,
      "rec": 0.5194771051862488,
      "mcc": 0.038817828103994236,
      "cm": [
        [
          2016,
          1186
        ],
        [
          1150,
          797
        ]
      ],
      "epoch": 17
    },
    {
      "thr": 0.49999999999999994,
      "acc": 0.5481740481740481,
      "f1": 0.5171963875715844,
      "prec": 0.517331928345627,
      "rec": 0.5171578272315671,
      "mcc": 0.03448931615118911,
      "cm": [
        [
          2063,
          1139
        ],
        [
          1187,
          759
        ]
      ],
      "epoch": 4
    }
  ],
  "acc_mean": 0.5392987747813928,
  "f1_mean": 0.5157659712381837
}